"last_name, first_name","player_id","team_name_alt","pitch_type","pitch_name","run_value_per_100","run_value","pitches","pitch_usage","pa","ba","slg","woba","whiff_percent","k_percent","put_away","est_ba","est_slg","est_woba","hard_hit_percent"
"Ramírez, José",608070,"CLE","CH","Changeup",1.5,7,"472",17.3,"131","0.267","0.5","0.345",16.3,9.9,8.8,"0.263","0.395","0.312",33.9
"Raleigh, Cal",663728,"SEA","CH","Changeup",0.4,2,"461",18.3,"125","0.22","0.441","0.291",34.4,24,18.4,"0.251","0.487","0.328",34.4
"Rutschman, Adley",668939,"BAL","CH","Changeup",1.1,4,"419",16.2,"116","0.226","0.321","0.266",19.6,12.1,9.9,"0.266","0.358","0.298",24.5
"Greene, Riley",682985,"DET","CH","Changeup",0.8,3,"381",15.8,"109","0.245","0.367","0.302",36.6,32.1,25,"0.215","0.354","0.284",35.9
"Happ, Ian",664023,"CHC","CH","Changeup",-1.1,-5,"451",16.6,"108","0.204","0.233","0.217",40.4,28.7,23.3,"0.226","0.301","0.253",25
"De La Cruz, Elly",682829,"CIN","CH","Changeup",-0.3,-1,"411",14.9,"107","0.238","0.376","0.288",40.6,28,25.2,"0.243","0.356","0.282",23.9
"Bell, Josh",605137,"AZ","CH","Changeup",-0.7,-3,"411",18.4,"107","0.204","0.276","0.261",34,23.4,20.5,"0.196","0.287","0.245",29.7
"Naylor, Josh",647304,"CLE","CH","Changeup",-0.4,-1,"382",16.7,"106","0.229","0.448","0.333",31.3,19.8,21,"0.244","0.436","0.329",40
"Reynolds, Bryan",668804,"PIT","CH","Changeup",2.5,10,"420",16.1,"101","0.312","0.441","0.372",39.4,21.8,18.5,"0.263","0.377","0.319",32.4
"Marte, Ketel",606466,"AZ","CH","Changeup",0.5,2,"381",17.8,"101","0.24","0.458","0.324",20.3,13.9,13.9,"0.317","0.49","0.366",41.5
"Bleday, JJ",668709,"OAK","CH","Changeup",-1.1,-4,"376",15.1,"100","0.194","0.258","0.233",40.2,29,26.6,"0.207","0.329","0.264",31.3
"Henderson, Gunnar",683002,"BAL","CH","Changeup",1.2,5,"381",13.2,"98","0.258","0.452","0.334",29.9,23.5,20.4,"0.277","0.432","0.319",53.5
"Keith, Colt",690993,"DET","CH","Changeup",0.9,3,"303",15,"94","0.239","0.42","0.318",25.3,18.1,18.5,"0.261","0.4","0.311",28.2
"Soto, Juan",665742,"NYY","CH","Changeup",2.3,9,"415",14,"93","0.25","0.447","0.362",29.7,21.5,16.4,"0.214","0.401","0.348",47.4
"Lindor, Francisco",596019,"NYM","CH","Changeup",0.6,2,"320",11.8,"92","0.289","0.478","0.336",21,18.5,17.5,"0.267","0.427","0.307",31.5
"Cowser, Colton",681297,"BAL","CH","Changeup",-2,-7,"355",15.4,"91","0.185","0.247","0.245",43.2,29.7,26.7,"0.173","0.239","0.235",25.9
"Santander, Anthony",623993,"BAL","CH","Changeup",1.9,6,"333",12.2,"89","0.25","0.525","0.363",21.6,15.7,12,"0.258","0.467","0.348",45.5
"Smith, Josh",669701,"TEX","CH","Changeup",-0.3,-1,"298",12.8,"88","0.229","0.325","0.28",27.4,18.2,16.3,"0.231","0.316","0.266",32.4
"Castro, Willi",650489,"MIN","CH","Changeup",-0.5,-2,"347",13.8,"87","0.193","0.277","0.241",39.8,26.4,19.3,"0.178","0.247","0.204",18
"Profar, Jurickson",595777,"SD","CH","Changeup",1.7,5,"320",11.7,"85","0.325","0.481","0.382",20.4,14.1,10.3,"0.312","0.46","0.355",47.1
"Taveras, Leody",665750,"TEX","CH","Changeup",-1.7,-6,"325",16.2,"83","0.195","0.247","0.234",38.4,18.1,18.1,"0.24","0.305","0.271",19.4
"Santana, Carlos",467793,"MIN","CH","Changeup",2,7,"357",14.7,"82","0.273","0.468","0.34",26.2,13.4,12.1,"0.245","0.411","0.306",39.4
"Abrams, CJ",682928,"WSH","CH","Changeup",-0.5,-1,"259",11.5,"80","0.183","0.282","0.256",19,16.3,15.1,"0.249","0.365","0.315",37.9
"Guerrero Jr., Vladimir",665489,"TOR","CH","Changeup",3.1,8,"259",10,"80","0.288","0.479","0.383",27,18.8,16.1,"0.28","0.506","0.369",53.4
"Harper, Bryce",547180,"PHI","CH","Changeup",3.7,10,"272",11,"79","0.31","0.62","0.434",30.4,17.7,17.9,"0.261","0.53","0.372",38.6
"Burger, Jake",669394,"MIA","CH","Changeup",-0.9,-2,"254",12.2,"78","0.153","0.278","0.225",42.4,34.6,31.8,"0.207","0.308","0.254",28.3
"Brennan, Will",686823,"CLE","CH","Changeup",-0.7,-1,"191",15.5,"77","0.233","0.329","0.279",18,11.7,16.4,"0.297","0.366","0.312",10.9
"Lowe, Brandon",664040,"TB","CH","Changeup",-0.9,-3,"285",17.5,"76","0.188","0.348","0.264",37.6,19.7,17.9,"0.204","0.341","0.264",33.9
"Butler, Lawrence",671732,"OAK","CH","Changeup",0.3,1,"287",15.8,"76","0.219","0.329","0.255",41.3,25,24.1,"0.229","0.391","0.282",29.6
"Diaz, Yainer",673237,"HOU","CH","Changeup",-3.6,-8,"217",10.2,"76","0.176","0.216","0.222",25.5,14.5,16.4,"0.24","0.357","0.269",33.3
"Conforto, Michael",624424,"SF","CH","Changeup",-0.9,-2,"272",13.8,"75","0.167","0.25","0.213",31.1,25.3,19.6,"0.226","0.352","0.269",32.1
"McMahon, Ryan",641857,"COL","CH","Changeup",0.5,1,"238",8.7,"74","0.235","0.397","0.299",29.4,16.2,16.2,"0.276","0.521","0.362",45.6
"Seager, Corey",608369,"TEX","CH","Changeup",1.6,4,"274",14.6,"74","0.328","0.463","0.395",21,6.8,8.1,"0.337","0.525","0.403",30.6
"Heim, Jonah",641680,"TEX","CH","Changeup",-2.7,-6,"230",12.9,"73","0.164","0.233","0.185",23.8,15.1,14.5,"0.203","0.326","0.227",30.6
"Turang, Brice",668930,"MIL","CH","Changeup",-1.1,-3,"269",10.9,"73","0.181","0.25","0.197",15.7,13.7,11.6,"0.258","0.311","0.249",14.3
"Pasquantino, Vinnie",686469,"KC","CH","Changeup",1.3,4,"310",14.5,"73","0.266","0.531","0.361",16,11,9.2,"0.278","0.485","0.36",41.4
"Witt Jr., Bobby",677951,"KC","CH","Changeup",0.3,1,"205",7.9,"73","0.265","0.397","0.326",28.2,16.4,17.9,"0.305","0.441","0.349",37.5
"Ohtani, Shohei",660271,"LAD","CH","Changeup",2.7,8,"315",11.1,"73","0.318","0.621","0.416",28.4,15.1,13.8,"0.34","0.665","0.451",48.2
"Ruiz, Keibert",660688,"WSH","CH","Changeup",-0.2,0,"219",13.2,"73","0.246","0.348","0.263",15.1,9.6,12.7,"0.239","0.31","0.255",29.7
"Pérez, Wenceel",672761,"DET","CH","Changeup",1.8,4,"235",13.4,"73","0.265","0.412","0.332",21.6,13.7,11.9,"0.275","0.401","0.32",29.3
"Wells, Austin",669224,"NYY","CH","Changeup",-0.6,-1,"240",14.7,"72","0.227","0.364","0.282",37.2,23.6,24.3,"0.248","0.402","0.306",32.7
"Duran, Jarren",680776,"BOS","CH","Changeup",2.4,6,"245",8.6,"72","0.328","0.552","0.41",25.6,18.1,19.4,"0.294","0.412","0.333",40.7
"Verdugo, Alex",657077,"NYY","CH","Changeup",1.5,3,"229",9.8,"72","0.194","0.313","0.263",15,16.7,13,"0.285","0.39","0.32",34.5
"Polanco, Jorge",593871,"SEA","CH","Changeup",-0.3,-1,"311",16,"71","0.159","0.27","0.254",45.7,35.2,25,"0.213","0.327","0.285",23.7
"García, Adolis",666969,"TEX","CH","Changeup",-1.2,-3,"252",9.9,"71","0.203","0.348","0.251",39.1,25.4,20,"0.232","0.478","0.302",48.1
"Wade Jr., LaMonte",664774,"SF","CH","Changeup",-1.5,-4,"262",16,"71","0.162","0.25","0.199",37.2,35.2,29.1,"0.186","0.336","0.242",34.9
"Cruz, Oneil",665833,"PIT","CH","Changeup",-0.4,-1,"280",11.8,"71","0.303","0.47","0.358",43.8,29.6,24.4,"0.229","0.358","0.284",40
"Semien, Marcus",543760,"TEX","CH","Changeup",2.3,6,"260",9.9,"71","0.246","0.41","0.378",22.6,16.9,13.2,"0.2","0.285","0.28",26.5
"Carroll, Corbin",682998,"AZ","CH","Changeup",1.9,5,"250",9.4,"71","0.246","0.554","0.366",27.5,18.3,14.6,"0.267","0.454","0.333",43.4
"Rodríguez, Julio",677594,"SEA","CH","Changeup",-2,-5,"253",10.6,"70","0.169","0.231","0.238",36.8,35.7,25.8,"0.184","0.277","0.235",45
"Altuve, Jose",514888,"HOU","CH","Changeup",1.4,4,"258",10.5,"70","0.313","0.448","0.338",27.2,20,17.9,"0.236","0.321","0.261",26.4
"Hernández, Teoscar",606192,"LAD","CH","Changeup",5.7,11,"198",7.6,"70","0.328","0.656","0.464",42.1,30,28.8,"0.269","0.521","0.367",44.2
"Schanuel, Nolan",694384,"LAA","CH","Changeup",1.6,4,"249",10.6,"70","0.276","0.345","0.341",15.5,12.9,13.2,"0.319","0.384","0.372",22
"Stott, Bryson",681082,"PHI","CH","Changeup",-0.7,-2,"257",11.1,"70","0.227","0.227","0.246",19.7,21.4,17.2,"0.257","0.324","0.281",19.6
"Kwan, Steven",680757,"CLE","CH","Changeup",0.5,1,"236",10.9,"70","0.212","0.273","0.266",8.7,7.1,5.8,"0.258","0.32","0.279",14.8
"Candelario, Jeimer",600869,"CIN","CH","Changeup",0.5,1,"222",12.5,"69","0.246","0.415","0.311",26.8,5.8,6,"0.258","0.359","0.292",31.1
"Rocchio, Brayan",677587,"CLE","CH","Changeup",-1.7,-4,"234",14,"69","0.149","0.254","0.188",38.7,30.4,26.9,"0.202","0.315","0.238",28.3
"Chisholm Jr., Jazz",665862,"NYY","CH","Changeup",1.1,3,"279",11.2,"68","0.281","0.516","0.36",35,23.5,17.2,"0.28","0.447","0.336",37.5
"O'Hearn, Ryan",656811,"BAL","CH","Changeup",0,0,"260",13.5,"68","0.213","0.328","0.274",28.3,17.6,15.6,"0.252","0.45","0.333",38
"De La Cruz, Bryan",650559,"PIT","CH","Changeup",2,4,"193",8.1,"67","0.292","0.508","0.351",33.9,28.4,31.1,"0.292","0.507","0.352",30.4
"Melendez, MJ",669004,"KC","CH","Changeup",-0.5,-1,"229",12.4,"67","0.226","0.468","0.334",21.8,9,7.9,"0.277","0.406","0.325",33.9
"Ozuna, Marcell",542303,"ATL","CH","Changeup",1.8,5,"268",9.3,"67","0.31","0.5","0.384",40.8,25.4,19.8,"0.282","0.498","0.379",47.6
"Walker, Christian",572233,"AZ","CH","Changeup",3.5,8,"227",9.8,"67","0.328","0.656","0.429",24.4,20.9,16.3,"0.295","0.601","0.424",54.2
"Schwarber, Kyle",656941,"PHI","CH","Changeup",0.6,2,"300",10.5,"67","0.164","0.377","0.268",40.7,40.3,25.7,"0.212","0.39","0.297",50
"Arozarena, Randy",668227,"SEA","CH","Changeup",0,0,"269",9.7,"67","0.19","0.349","0.284",35.6,25.4,18.3,"0.196","0.331","0.254",34.8
"Castellanos, Nick",592206,"PHI","CH","Changeup",0.9,2,"216",9.2,"67","0.234","0.484","0.333",36.4,26.9,25.7,"0.22","0.371","0.273",23.9
"Torres, Gleyber",650402,"NYY","CH","Changeup",-0.4,-1,"262",9.3,"67","0.203","0.281","0.233",25.4,26.9,18,"0.222","0.343","0.265",10.9
"Blackmon, Charlie",453568,"COL","CH","Changeup",-1,-2,"195",10.2,"67","0.222","0.286","0.265",25.2,16.4,16.2,"0.285","0.381","0.314",19.2
"Rooker, Brent",667670,"OAK","CH","Changeup",0.6,2,"263",11.1,"66","0.233","0.433","0.299",39.3,30.3,22.7,"0.227","0.44","0.306",45.2
"Varsho, Daulton",662139,"TOR","CH","Changeup",1.7,4,"250",12.2,"66","0.246","0.541","0.355",26.6,25.8,21.3,"0.196","0.336","0.264",38.6
"Contreras, William",661388,"MIL","CH","Changeup",1.7,4,"260",9.7,"66","0.283","0.533","0.378",35.8,34.8,22.5,"0.197","0.413","0.298",40.5
"Giménez, Andrés",665926,"CLE","CH","Changeup",0.8,2,"258",10.8,"65","0.311","0.459","0.365",22.7,7.7,6,"0.326","0.436","0.35",24.6
"Burleson, Alec",676475,"STL","CH","Changeup",5.2,10,"200",9.4,"65","0.387","0.645","0.454",16.2,7.7,9.1,"0.319","0.513","0.373",35.1
"Larnach, Trevor",663616,"MIN","CH","Changeup",-2.2,-5,"239",15.2,"65","0.21","0.242","0.212",42.4,21.5,20.6,"0.201","0.262","0.215",24.5
"Toro, Abraham",647351,"OAK","CH","Changeup",-3,-6,"215",15.4,"65","0.203","0.234","0.202",28.1,16.9,18,"0.218","0.304","0.233",24.5
"Benintendi, Andrew",643217,"CWS","CH","Changeup",-2,-5,"239",12,"65","0.156","0.234","0.177",23.6,15.4,14.7,"0.241","0.324","0.252",29.6
"Pederson, Joc",592626,"AZ","CH","Changeup",-0.8,-2,"241",13.3,"64","0.276","0.293","0.283",26.7,14.1,15.3,"0.263","0.35","0.292",25.5
"García Jr., Luis",671277,"WSH","CH","Changeup",2.8,7,"231",12.3,"64","0.365","0.571","0.4",19.2,9.4,10.2,"0.324","0.51","0.364",22.8
"McCarthy, Jake",664983,"AZ","CH","Changeup",-1.9,-4,"219",12.3,"64","0.2","0.2","0.216",25,17.2,13.4,"0.205","0.273","0.233",22
"Donovan, Brendan",680977,"STL","CH","Changeup",3.8,9,"231",9.3,"63","0.35","0.65","0.437",26.5,11.1,8.4,"0.284","0.456","0.337",30.2
"Vaughn, Andrew",683734,"CWS","CH","Changeup",0.3,1,"208",8.9,"63","0.207","0.379","0.284",29.3,23.8,20.5,"0.26","0.509","0.356",53.5
"Olson, Matt",621566,"ATL","CH","Changeup",2.1,6,"270",9.2,"63","0.246","0.474","0.341",32.1,20.6,12.4,"0.266","0.465","0.349",43.2
"Devers, Rafael",646240,"BOS","CH","Changeup",1.6,3,"187",7.9,"62","0.315","0.426","0.36",17.6,11.3,14.9,"0.289","0.48","0.372",60.4
"Moniak, Mickey",666160,"LAA","CH","Changeup",2.9,6,"207",13.5,"62","0.3","0.517","0.354",27.7,9.7,13,"0.269","0.433","0.307",27.3
"Kelenic, Jarred",672284,"ATL","CH","Changeup",-0.8,-2,"243",13.8,"62","0.213","0.361","0.267",39.7,30.6,24.7,"0.208","0.368","0.255",31
"Lux, Gavin",666158,"LAD","CH","Changeup",0.6,1,"249",12.8,"62","0.228","0.351","0.305",32.4,21,17.6,"0.27","0.405","0.325",43.2
"Isbel, Kyle",664728,"KC","CH","Changeup",-0.4,-1,"216",13.7,"62","0.23","0.361","0.276",19.5,9.7,10.3,"0.251","0.337","0.264",21.8
"Raley, Luke",670042,"SEA","CH","Changeup",-0.9,-2,"237",13.8,"62","0.241","0.31","0.284",39.8,33.9,27.3,"0.182","0.233","0.205",23.7
"Peña, Jeremy",665161,"HOU","CH","Changeup",-1.4,-3,"224",9.9,"61","0.237","0.407","0.305",32.3,9.8,9.5,"0.21","0.309","0.227",36.4
"Sánchez, Jesús",660821,"MIA","CH","Changeup",1.8,4,"227",11.4,"61","0.31","0.603","0.405",35.2,21.3,22,"0.264","0.496","0.33",41.3
"Naylor, Bo",666310,"CLE","CH","Changeup",-0.6,-1,"219",13.5,"61","0.207","0.293","0.248",24.1,19.7,17.9,"0.207","0.305","0.239",25.5
"Paredes, Isaac",670623,"CHC","CH","Changeup",1.6,3,"216",7.6,"61","0.283","0.377","0.331",20,11.5,8.9,"0.242","0.335","0.299",25.5
"Busch, Michael",683737,"CHC","CH","Changeup",0.9,2,"269",11.4,"61","0.259","0.481","0.358",34.1,24.6,20,"0.224","0.415","0.321",41
"Albies, Ozzie",645277,"ATL","CH","Changeup",3.2,6,"200",12.1,"60","0.368","0.544","0.424",20.3,10,8,"0.257","0.334","0.279",27.5
"Bailey, Patrick",672275,"SF","CH","Changeup",-0.9,-3,"289",16.2,"59","0.222","0.278","0.256",35,18.6,19.6,"0.243","0.296","0.26",24.4
"Judge, Aaron",592450,"NYY","CH","Changeup",2.7,8,"303",10.5,"59","0.229","0.625","0.431",45.8,32.2,18.8,"0.306","0.737","0.484",55.2
"Kepler, Max",596146,"MIN","CH","Changeup",-0.4,-1,"176",11.7,"59","0.204","0.278","0.269",26,13.6,12.9,"0.249","0.33","0.294",23.4
"Goldschmidt, Paul",502671,"STL","CH","Changeup",-1.2,-3,"236",8.7,"59","0.179","0.286","0.24",26.9,25.4,15,"0.215","0.362","0.269",41.5
"Arenado, Nolan",571448,"STL","CH","Changeup",0.3,1,"220",9,"58","0.255","0.345","0.309",18.1,10.3,9,"0.27","0.341","0.278",26
"Tovar, Ezequiel",678662,"COL","CH","Changeup",3.1,6,"190",7.5,"58","0.377","0.623","0.439",30.5,19,15.7,"0.319","0.584","0.425",41.9
"Cronenworth, Jake",630105,"SD","CH","Changeup",2.8,5,"196",7.1,"58","0.226","0.509","0.344",21,22.4,17.1,"0.254","0.489","0.339",31.7
"Horwitz, Spencer",687462,"TOR","CH","Changeup",-0.2,0,"206",13,"58","0.192","0.269","0.253",20.2,19,15.9,"0.247","0.326","0.296",34.1
"Massey, Michael",686681,"KC","CH","Changeup",-0.1,0,"166",12.5,"58","0.25","0.464","0.303",21.2,17.2,14.7,"0.28","0.455","0.317",25.5
"Langeliers, Shea",669127,"OAK","CH","Changeup",1.9,4,"189",9.5,"57","0.208","0.528","0.347",33.7,26.3,21.4,"0.236","0.481","0.329",50
"Thomas, Lane",657041,"CLE","CH","Changeup",3.1,5,"162",7.8,"57","0.28","0.42","0.367",21.4,19.3,16.9,"0.285","0.399","0.346",28.2
"Sheets, Gavin",657757,"CWS","CH","Changeup",2.1,6,"269",12.9,"57","0.283","0.415","0.346",28.5,17.5,12,"0.262","0.404","0.318",32.6
"Bellinger, Cody",641355,"CHC","CH","Changeup",1.2,3,"216",10.4,"57","0.294","0.471","0.383",24.2,10.5,11.1,"0.246","0.353","0.307",22.2
"Merrill, Jackson",701538,"SD","CH","Changeup",1.9,4,"220",9.9,"56","0.333","0.556","0.377",26.4,19.6,14.3,"0.32","0.503","0.37",40.9
"Perez, Salvador",521692,"KC","CH","Changeup",1.8,3,"189",8.2,"56","0.315","0.481","0.357",32,19.6,16.4,"0.295","0.496","0.351",34.9
"Harris II, Michael",671739,"ATL","CH","Changeup",-0.3,-1,"204",12.1,"56","0.296","0.389","0.302",34.2,17.9,16.4,"0.296","0.431","0.32",33.3
"Rojas, Josh",668942,"SEA","CH","Changeup",-0.5,-1,"247",13,"56","0.236","0.327","0.254",28.4,19.6,15.9,"0.243","0.336","0.259",36.4
"Toglia, Michael",669911,"COL","CH","Changeup",-0.3,-1,"270",14.1,"56","0.14","0.28","0.249",38.7,28.6,19.3,"0.225","0.376","0.303",38.2
"Brown, Seth",664913,"OAK","CH","Changeup",-0.7,-1,"210",13.5,"56","0.241","0.444","0.311",42.9,23.2,19.7,"0.273","0.467","0.333",29.3
"Ward, Taylor",621493,"LAA","CH","Changeup",2.8,4,"138",5.3,"56","0.333","0.521","0.406",26.7,26.8,31.9,"0.253","0.459","0.356",48.6
"Gurriel Jr., Lourdes",666971,"AZ","CH","Changeup",-0.5,-1,"206",9.9,"55","0.259","0.389","0.305",25.5,16.4,12.9,"0.27","0.364","0.284",26.7
"Nimmo, Brandon",607043,"NYM","CH","Changeup",2.1,4,"209",7.6,"55","0.212","0.558","0.341",31.4,21.8,15.4,"0.242","0.529","0.34",48.8
"Rafaela, Ceddanne",678882,"BOS","CH","Changeup",1.3,2,"176",8.5,"55","0.189","0.396","0.326",34.3,30.9,28.8,"0.229","0.388","0.282",27.8
"Tellez, Rowdy",642133,"PIT","CH","Changeup",1.8,4,"221",13.3,"55","0.259","0.426","0.317",30.5,14.5,12.1,"0.263","0.386","0.289",23.9
"Swanson, Dansby",621020,"CHC","CH","Changeup",-0.6,-1,"199",8.5,"55","0.204","0.37","0.268",35.8,34.5,29.7,"0.18","0.32","0.223",25.7
"Robert Jr., Luis",673357,"CWS","CH","Changeup",-1.5,-2,"161",10,"55","0.176","0.255","0.241",42.5,36.4,34.5,"0.166","0.232","0.212",25.8
"Volpe, Anthony",683011,"NYY","CH","Changeup",-2.4,-5,"196",7,"55","0.173","0.192","0.192",26.5,21.8,18.5,"0.193","0.257","0.224",32.5
"Díaz, Yandy",650490,"TB","CH","Changeup",0.4,1,"177",7.2,"54","0.192","0.385","0.26",18.5,11.1,10.7,"0.236","0.37","0.276",41.3
"Arraez, Luis",650333,"SD","CH","Changeup",2,4,"195",8.1,"54","0.314","0.373","0.325",6.1,5.6,4.3,"0.293","0.401","0.323",27.1
"Alonso, Pete",624413,"NYM","CH","Changeup",1.6,3,"185",6.7,"53","0.32","0.58","0.4",27,17,14.3,"0.328","0.627","0.424",61
"Urshela, Gio",570482,"ATL","CH","Changeup",-3.4,-6,"170",10,"53","0.163","0.204","0.192",17.7,17,15,"0.243","0.317","0.269",19.5
"Gelof, Zack",680869,"OAK","CH","Changeup",-1.5,-3,"194",9.4,"52","0.188","0.313","0.25",43.4,36.5,28.8,"0.173","0.234","0.216",17.2
"Suzuki, Seiya",673548,"CHC","CH","Changeup",0.6,1,"237",9.4,"52","0.25","0.313","0.286",34.8,38.5,19.8,"0.218","0.318","0.256",44.8
"Rengifo, Luis",650859,"LAA","CH","Changeup",0.6,1,"165",15.2,"52","0.327","0.404","0.321",25.5,13.5,16.7,"0.251","0.323","0.251",33.3
"Winker, Jesse",608385,"NYM","CH","Changeup",0.6,1,"197",9.5,"52","0.234","0.383","0.307",19.8,23.1,17.4,"0.203","0.354","0.279",40
"Neto, Zach",687263,"LAA","CH","Changeup",0.7,1,"210",9.2,"52","0.235","0.353","0.263",35,36.5,21.8,"0.203","0.316","0.231",46.9
"Yastrzemski, Mike",573262,"SF","CH","Changeup",4.4,8,"191",9.8,"52","0.304","0.435","0.365",16.5,9.6,7.8,"0.256","0.328","0.305",29.3
"Lowe, Josh",666139,"TB","CH","Changeup",1.2,3,"217",13,"52","0.3","0.48","0.348",32.7,26.9,19.2,"0.265","0.345","0.283",41.7
"Alvarez, Yordan",670541,"HOU","CH","Changeup",3.4,6,"176",7.8,"51","0.261","0.565","0.398",23.5,9.8,9.8,"0.315","0.753","0.473",46.3
"Abreu, Wilyer",677800,"BOS","CH","Changeup",2.6,5,"192",10.6,"51","0.327","0.531","0.398",27.1,23.5,17.1,"0.262","0.355","0.285",27
"Carpenter, Kerry",681481,"DET","CH","Changeup",1.3,2,"170",15,"51","0.255","0.553","0.36",31.5,23.5,26.1,"0.285","0.598","0.403",44.4
"Frelick, Sal",686217,"MIL","CH","Changeup",0.7,1,"199",9.7,"51","0.26","0.32","0.281",13.3,7.8,7.3,"0.298","0.351","0.293",17.4
"Springer, George",543807,"TOR","CH","Changeup",-0.4,-1,"205",8.9,"51","0.196","0.435","0.324",27.1,27.5,19.7,"0.231","0.448","0.329",43.8
"Cabrera, Oswaldo",665828,"NYY","CH","Changeup",2.2,4,"170",13.4,"51","0.319","0.34","0.341",20.7,11.8,13,"0.291","0.344","0.301",18.6
"Lowe, Nathaniel",663993,"TEX","CH","Changeup",-0.6,-1,"205",8.7,"50","0.174","0.304","0.253",16.3,12,10.7,"0.271","0.413","0.32",29.3
"O'Hoppe, Logan",681351,"LAA","CH","Changeup",-0.9,-2,"185",9.3,"50","0.208","0.375","0.266",37.8,36,27.3,"0.211","0.437","0.29",36.7
"Mullins, Cedric",656775,"BAL","CH","Changeup",-0.8,-2,"194",10,"50","0.245","0.429","0.295",22.6,22,17.2,"0.245","0.383","0.279",36.8
"Chourio, Jackson",694192,"MIL","CH","Changeup",2.5,4,"178",8.5,"50","0.244","0.511","0.392",33.7,28,19.7,"0.239","0.455","0.334",29
"Vierling, Matt",663837,"DET","CH","Changeup",-1.3,-3,"193",8.3,"49","0.209","0.302","0.265",28.7,18.4,13.4,"0.217","0.308","0.275",28.6
"Chapman, Matt",656305,"SF","CH","Changeup",-0.8,-2,"195",7.2,"49","0.209","0.349","0.313",15.6,20.4,12.8,"0.267","0.41","0.344",42.4
"Lopez, Otto",672640,"MIA","CH","Changeup",-0.6,-1,"138",8.9,"49","0.25","0.333","0.255",21.7,16.3,17.4,"0.231","0.302","0.233",19.5
"Hoerner, Nico",663538,"CHC","CH","Changeup",2.9,4,"149",6.4,"49","0.326","0.457","0.365",13.1,10.2,9.3,"0.322","0.423","0.352",28.6
"Meadows, Parker",678009,"DET","CH","Changeup",1.3,2,"173",14.3,"49","0.25","0.313","0.274",35.5,22.4,20,"0.237","0.332","0.256",16.2
"Freeman, Freddie",518692,"LAD","CH","Changeup",2.8,7,"240",9.5,"48","0.308","0.513","0.401",27.5,10.4,6.6,"0.301","0.47","0.388",37.1
"Turner, Justin",457759,"SEA","CH","Changeup",-0.3,0,"136",5.9,"48","0.25","0.386","0.309",13.9,12.5,9.5,"0.278","0.388","0.322",18.4
"Suárez, Eugenio",553993,"AZ","CH","Changeup",-0.8,-2,"202",7.9,"48","0.222","0.444","0.299",29.3,29.2,18.7,"0.271","0.517","0.343",46.9
"Stanton, Giancarlo",519317,"NYY","CH","Changeup",-1.4,-2,"178",9.7,"48","0.156","0.289","0.24",33.7,31.3,28.3,"0.218","0.361","0.276",56.7
"Soler, Jorge",624585,"ATL","CH","Changeup",1.5,4,"236",10,"48","0.233","0.349","0.297",34.5,27.1,14.1,"0.267","0.369","0.318",46.7
"Vargas, Ildemaro",545121,"WSH","CH","Changeup",-3.7,-5,"138",13,"48","0.174","0.174","0.168",14.3,6.3,8.3,"0.234","0.272","0.232",22.7
"Singleton, Jon",572138,"HOU","CH","Changeup",0.1,0,"198",12.2,"48","0.195","0.195","0.271",45.5,29.2,25,"0.22","0.306","0.298",14.8
"Rizzo, Anthony",519203,"NYY","CH","Changeup",-1.2,-2,"168",11.7,"48","0.222","0.222","0.231",11.7,6.3,7.7,"0.205","0.255","0.234",14.3
"Clement, Ernie",676391,"TOR","CH","Changeup",-0.3,-1,"155",10.7,"48","0.234","0.383","0.293",17.6,2.1,2.3,"0.257","0.352","0.275",23.9
"Garver, Mitch",641598,"SEA","CH","Changeup",2.7,5,"199",11,"47","0.3","0.45","0.388",27.2,23.4,15.7,"0.258","0.38","0.339",34.5
"Mountcastle, Ryan",663624,"BAL","CH","Changeup",2.7,4,"162",8.5,"47","0.31","0.571","0.409",34.8,25.5,25,"0.247","0.509","0.362",43.3
"Renfroe, Hunter",592669,"KC","CH","Changeup",1.8,3,"150",9.1,"47","0.244","0.467","0.317",20,17,14,"0.224","0.334","0.262",45.9
"Kirk, Alejandro",672386,"TOR","CH","Changeup",0.5,1,"111",7.4,"47","0.222","0.356","0.286",13.2,10.6,10.2,"0.239","0.369","0.279",37.5
"DeJong, Paul",657557,"KC","CH","Changeup",-2.6,-5,"190",10.3,"47","0.178","0.244","0.191",50.9,40.4,26.8,"0.216","0.325","0.239",44.4
"France, Ty",664034,"CIN","CH","Changeup",-1.1,-2,"170",8.4,"47","0.15","0.225","0.247",31.6,23.4,16.4,"0.16","0.269","0.253",33.3
"Ramos, Heliot",671218,"SF","CH","Changeup",1.2,2,"159",7.9,"47","0.273","0.545","0.371",25.3,23.4,21.6,"0.279","0.499","0.346",47.1
"Wong, Connor",657136,"BOS","CH","Changeup",-0.5,-1,"193",10.3,"46","0.267","0.356","0.282",30.8,13,8,"0.236","0.308","0.248",30.8
"Langford, Wyatt",694671,"TEX","CH","Changeup",2.3,5,"201",8.9,"46","0.244","0.537","0.371",34.6,30.4,19.7,"0.151","0.293","0.246",42.9
"Betts, Mookie",605141,"LAD","CH","Changeup",-1.9,-3,"166",8.1,"46","0.163","0.279","0.222",25.9,13,9.8,"0.232","0.339","0.274",45.9
"Edwards, Xavier",669364,"MIA","CH","Changeup",0.7,1,"151",12.7,"46","0.295","0.318","0.297",23.1,17.4,13.6,"0.237","0.264","0.231",8.1
"Bregman, Alex",608324,"HOU","CH","Changeup",2.9,6,"197",8.2,"46","0.273","0.591","0.376",12.6,15.2,11.7,"0.292","0.503","0.355",27
"Cave, Jake",595909,"COL","CH","Changeup",-1.2,-2,"158",11.7,"46","0.178","0.222","0.187",39,30.4,25,"0.179","0.236","0.196",22.6
"Grichuk, Randal",545341,"AZ","CH","Changeup",1.7,2,"134",12.3,"45","0.273","0.477","0.347",22.4,15.6,14.6,"0.313","0.488","0.35",43.2
"Steer, Spencer",668715,"CIN","CH","Changeup",0.9,1,"171",6.5,"45","0.211","0.316","0.3",26.3,17.8,12.9,"0.222","0.328","0.308",26.7
"Young, Jacob",696285,"WSH","CH","Changeup",-1.2,-2,"155",7.9,"45","0.15","0.2","0.249",15.9,13.3,14,"0.25","0.319","0.291",25.7
"Smith, Will",669257,"LAD","CH","Changeup",-1.8,-3,"160",7,"45","0.179","0.41","0.291",25.6,17.8,13.3,"0.183","0.358","0.276",25
"Grossman, Robbie",543257,"KC","CH","Changeup",-2.1,-4,"186",18,"45","0.079","0.079","0.193",31,20,16.1,"0.16","0.2","0.245",23.3
"Pham, Tommy",502054,"KC","CH","Changeup",-0.3,-1,"161",8.4,"45","0.14","0.279","0.199",31.3,31.1,21.2,"0.191","0.293","0.231",37.9
"McCutchen, Andrew",457705,"PIT","CH","Changeup",0,0,"163",7.5,"44","0.25","0.35","0.3",22,20.5,16.1,"0.256","0.415","0.327",25.8
"Morel, Christopher",666624,"TB","CH","Changeup",0.1,0,"191",8.1,"44","0.216","0.351","0.316",37.2,20.5,14.8,"0.22","0.303","0.302",39.3
"Bohm, Alec",664761,"PHI","CH","Changeup",0.1,0,"168",7.9,"44","0.262","0.381","0.297",21.6,6.8,6.3,"0.268","0.399","0.308",41
"Schneider, Davis",676914,"TOR","CH","Changeup",-1.8,-3,"176",8.9,"44","0.175","0.275","0.224",40.2,34.1,23.1,"0.158","0.191","0.188",7.7
"Fraley, Jake",641584,"CIN","CH","Changeup",0.4,1,"158",11.9,"44","0.275","0.4","0.33",34.8,20.5,20.9,"0.205","0.256","0.248",16.1
"Gorman, Nolan",669357,"STL","CH","Changeup",-3.7,-6,"168",10.5,"44","0.136","0.159","0.131",38.8,29.5,23.6,"0.205","0.301","0.218",19.4
"Turner, Trea",607208,"PHI","CH","Changeup",-0.1,0,"212",10.4,"43","0.268","0.366","0.338",40.9,25.6,16.9,"0.235","0.305","0.257",43.3
"Bauers, Jake",641343,"MIL","CH","Changeup",-0.7,-1,"201",13.3,"43","0.167","0.167","0.24",32.4,34.9,21.7,"0.157","0.203","0.244",23.8
"Garcia, Maikel",672580,"KC","CH","Changeup",2.5,3,"130",5.5,"43","0.268","0.463","0.329",15.5,16.3,15.2,"0.271","0.413","0.316",35.3
"Winn, Masyn",691026,"STL","CH","Changeup",1.5,3,"185",7.2,"43","0.184","0.263","0.274",30.5,23.3,17.2,"0.23","0.295","0.263",30
"Meyers, Jake",676694,"HOU","CH","Changeup",1.8,3,"187",10.3,"43","0.244","0.463","0.317",40.7,27.9,19.4,"0.193","0.38","0.265",34.5
"Lewis, Royce",668904,"MIN","CH","Changeup",-0.3,0,"139",11.3,"43","0.214","0.333","0.23",32.9,25.6,25,"0.217","0.337","0.238",21.9
"O'Neill, Tyler",641933,"BOS","CH","Changeup",-0.4,-1,"203",10.2,"43","0.2","0.375","0.297",38.1,32.6,19.2,"0.206","0.395","0.29",46.2
"Jeffers, Ryan",680777,"MIN","CH","Changeup",4.7,7,"155",8.6,"43","0.282","0.718","0.44",41,27.9,21.4,"0.257","0.509","0.36",48.1
"Vientos, Mark",668901,"NYM","CH","Changeup",2.5,5,"187",10.6,"43","0.325","0.625","0.422",42.4,39.5,26.6,"0.236","0.413","0.307",47.8
"Machado, Manny",592518,"SD","CH","Changeup",2.1,4,"173",7.2,"43","0.268","0.585","0.382",28.4,20.9,15.8,"0.265","0.496","0.341",40.6
"Perkins, Blake",663368,"MIL","CH","Changeup",3.2,6,"180",10.4,"43","0.302","0.395","0.326",21,18.6,15.1,"0.21","0.268","0.208",37.1
"Arcia, Orlando",606115,"ATL","CH","Changeup",-1.1,-2,"149",6.4,"43","0.275","0.3","0.273",29.2,27.9,22.6,"0.211","0.244","0.236",28.6
"Buxton, Byron",621439,"MIN","CH","Changeup",-1.6,-3,"189",13,"42","0.175","0.275","0.239",47.5,42.9,27.3,"0.15","0.239","0.193",22.7
"Hayes, Ke'Bryan",663647,"PIT","CH","Changeup",0.8,1,"134",9.1,"42","0.263","0.289","0.301",15.6,14.3,11.3,"0.275","0.349","0.312",45.5
"Rortvedt, Ben",666163,"TB","CH","Changeup",-0.9,-1,"169",12.5,"42","0.268","0.317","0.269",32.5,23.8,19.6,"0.197","0.243","0.202",25.8
"Frazier, Adam",624428,"KC","CH","Changeup",4,6,"150",12.4,"42","0.316","0.395","0.349",13.9,14.3,12.2,"0.282","0.332","0.311",18.8
"Valdez, Enmanuel",665839,"BOS","CH","Changeup",1.7,2,"126",13.7,"41","0.282","0.462","0.341",19.4,17.1,14.9,"0.267","0.381","0.289",42.4
"Barger, Addison",680718,"TOR","CH","Changeup",-2.8,-3,"119",13.9,"41","0.105","0.263","0.193",27.1,14.6,18.8,"0.216","0.387","0.291",34.4
"India, Jonathan",663697,"CIN","CH","Changeup",0.9,2,"181",6.8,"41","0.294","0.441","0.375",26,24.4,16.9,"0.278","0.419","0.363",36
"Doyle, Brenton",686668,"COL","CH","Changeup",5,7,"150",7,"41","0.342","0.553","0.407",42.9,26.8,29.7,"0.262","0.385","0.311",18.5
"Tauchman, Mike",643565,"CHC","CH","Changeup",-0.6,-1,"177",11.5,"41","0.216","0.27","0.261",28.7,17.1,9.5,"0.199","0.301","0.266",30
"Hoskins, Rhys",656555,"MIL","CH","Changeup",2.6,3,"122",5.4,"41","0.256","0.513","0.343",17.4,17.1,14.6,"0.238","0.538","0.344",53.1
"Rodgers, Brendan",663898,"COL","CH","Changeup",0.2,0,"158",7.6,"41","0.184","0.316","0.293",28.2,14.6,11.1,"0.201","0.327","0.26",34.4
"Freeman, Tyler",671289,"CLE","CH","Changeup",-1,-1,"132",9.6,"41","0.229","0.314","0.271",21.5,9.8,9.5,"0.229","0.357","0.286",39.4
"Marsh, Brandon",669016,"PHI","CH","Changeup",6.1,9,"147",7.3,"41","0.378","0.568","0.46",24.6,22,18.8,"0.343","0.537","0.411",50
"Jiménez, Eloy",650391,"BAL","CH","Changeup",-1.4,-2,"147",12.2,"40","0.231","0.282","0.238",42.3,27.5,22.4,"0.205","0.252","0.214",32.1
"Nevin, Tyler",663527,"OAK","CH","Changeup",-1.3,-2,"131",12,"40","0.158","0.263","0.188",30.4,27.5,20.4,"0.194","0.343","0.254",29.6
"Ortiz, Joey",687401,"MIL","CH","Changeup",3.2,4,"140",6.6,"40","0.25","0.556","0.364",18.5,15,12,"0.24","0.41","0.305",29
"Bogaerts, Xander",593428,"SD","CH","Changeup",-1,-1,"144",8,"39","0.167","0.278","0.229",28.6,23.1,16.7,"0.261","0.402","0.319",29.6
"Caratini, Victor",605170,"HOU","CH","Changeup",-1.5,-2,"156",15,"39","0.216","0.378","0.259",25,20.5,17.8,"0.249","0.399","0.286",36.7
"Rosario, Eddie",592696,"ATL","CH","Changeup",-0.2,0,"148",12.5,"39","0.171","0.314","0.256",40.5,25.6,20.4,"0.219","0.331","0.285",36
"Lopez, Nicky",670032,"CWS","CH","Changeup",-0.6,-1,"149",9.2,"39","0.229","0.257","0.285",25,12.8,9.6,"0.219","0.249","0.247",12.9
"Amaya, Miguel",665804,"CHC","CH","Changeup",1.3,2,"124",9.6,"39","0.229","0.314","0.247",23.9,10.3,10,"0.228","0.288","0.246",12.1
"Perdomo, Geraldo",672695,"AZ","CH","Changeup",2.3,3,"141",8.9,"39","0.351","0.405","0.345",8.9,10.3,11.1,"0.286","0.348","0.289",26.5
"Grandal, Yasmani",518735,"PIT","CH","Changeup",4,5,"130",13.7,"39","0.343","0.429","0.446",13.3,12.8,11.4,"0.317","0.425","0.362",23.3
"Margot, Manuel",622534,"MIN","CH","Changeup",1.5,2,"122",9.3,"39","0.333","0.583","0.378",20.3,17.9,17.9,"0.317","0.506","0.383",41.9
"Crow-Armstrong, Pete",691718,"CHC","CH","Changeup",0.9,1,"153",10.8,"39","0.27","0.432","0.311",35.4,15.4,12.5,"0.257","0.35","0.274",28.1
"Haniger, Mitch",571745,"SEA","CH","Changeup",-0.8,-1,"183",10.4,"38","0.171","0.286","0.236",36.7,28.9,18.3,"0.237","0.388","0.301",62.5
"Fletcher, Dominic",666150,"CWS","CH","Changeup",-1.9,-2,"90",10,"38","0.216","0.216","0.195",18.2,18.4,21.9,"0.206","0.259","0.202",25.8
"Díaz, Elias",553869,"SD","CH","Changeup",-1.1,-2,"136",10.3,"38","0.237","0.447","0.289",32.5,13.2,9.6,"0.247","0.332","0.253",21.2
"Peralta, David",444482,"SD","CH","Changeup",2.3,3,"112",11,"38","0.289","0.579","0.389",33.3,15.8,15.4,"0.318","0.479","0.346",46.9
"Miranda, Jose",669304,"MIN","CH","Changeup",-0.5,-1,"130",8.4,"38","0.243","0.351","0.27",29.4,23.7,22,"0.297","0.514","0.357",46.4
"McKinstry, Zach",656716,"DET","CH","Changeup",-1.1,-1,"126",10.1,"38","0.211","0.316","0.245",31.8,23.7,23.1,"0.218","0.291","0.24",13.8
"Canha, Mark",592192,"SF","CH","Changeup",4.6,7,"151",7.8,"38","0.4","0.633","0.48",14.5,15.8,11.1,"0.268","0.423","0.37",44
"Lee, Korey",686676,"CWS","CH","Changeup",-2.4,-3,"136",9.5,"38","0.189","0.27","0.213",43.6,42.1,38.1,"0.227","0.304","0.243",52.4
"Suwinski, Jack",669261,"PIT","CH","Changeup",-2,-3,"151",13.6,"38","0.139","0.194","0.174",39.7,31.6,28.6,"0.209","0.273","0.238",33.3
"Triolo, Jared",669707,"PIT","CH","Changeup",-1.6,-2,"131",7.4,"38","0.121","0.212","0.222",40,28.9,19.3,"0.211","0.312","0.29",36.4
"Adames, Willy",642715,"MIL","CH","Changeup",3.8,7,"180",6.6,"37","0.333","0.733","0.499",26.8,18.9,12.1,"0.339","0.676","0.467",50
"Kim, Ha-Seong",673490,"SD","CH","Changeup",3.1,4,"121",6.1,"37","0.212","0.455","0.314",11.5,5.4,5.9,"0.253","0.351","0.3",31.3
"Yoshida, Masataka",807799,"BOS","CH","Changeup",-0.4,-1,"136",8.5,"37","0.306","0.417","0.324",24.6,16.2,15.4,"0.28","0.389","0.3",30
"Muncy, Max",571970,"LAD","CH","Changeup",-0.3,0,"108",8.9,"37","0.206","0.559","0.327",36.7,24.3,33.3,"0.238","0.472","0.319",38.5
"Bader, Harrison",664056,"NYM","CH","Changeup",-3.2,-4,"141",8.6,"37","0.114","0.114","0.159",40.6,37.8,30.4,"0.139","0.186","0.171",23.8
"Joe, Connor",656582,"PIT","CH","Changeup",0.7,1,"181",11,"37","0.242","0.424","0.328",34.2,21.6,13.6,"0.24","0.335","0.298",32
"Crawford, J.P.",641487,"SEA","CH","Changeup",-1.8,-3,"170",8.9,"37","0.152","0.182","0.231",11.1,8.1,6.7,"0.187","0.281","0.254",30
"Yepez, Juan",660766,"WSH","CH","Changeup",0.1,0,"111",11.5,"37","0.265","0.294","0.274",31,16.2,19.4,"0.172","0.209","0.195",24.1
"Realmuto, J.T.",592663,"PHI","CH","Changeup",-0.7,-1,"121",7.6,"36","0.171","0.314","0.269",38.2,30.6,28.9,"0.208","0.386","0.266",25
"Correa, Carlos",621043,"MIN","CH","Changeup",1.9,3,"136",9.9,"36","0.313","0.438","0.418",15.3,19.4,15.9,"0.256","0.375","0.32",32
"Caballero, José",676609,"TB","CH","Changeup",-1.3,-2,"158",8.3,"36","0.2","0.257","0.214",38.5,38.9,18.7,"0.199","0.258","0.212",19
"Westburg, Jordan",676059,"BAL","CH","Changeup",0.5,1,"151",9.2,"36","0.212","0.273","0.303",43.4,36.1,23.2,"0.246","0.333","0.287",50
"Pages, Andy",681624,"LAD","CH","Changeup",3.8,4,"111",6.5,"36","0.4","0.657","0.461",21.9,16.7,15.4,"0.377","0.59","0.424",44.8
"Friedl, TJ",670770,"CIN","CH","Changeup",-1.6,-2,"133",10.3,"36","0.188","0.188","0.228",28.3,19.4,20,"0.188","0.246","0.245",32
"Heyward, Jason",518792,"HOU","CH","Changeup",-2.9,-4,"136",13.3,"36","0.147","0.176","0.154",36.6,27.8,23.8,"0.207","0.282","0.22",36
"Fry, David",681807,"CLE","CH","Changeup",-0.2,0,"153",10.1,"36","0.2","0.233","0.276",35.9,22.2,17.8,"0.221","0.293","0.302",36.4
"Schneemann, Daniel",682177,"CLE","CH","Changeup",-1,-1,"131",14.5,"36","0.188","0.281","0.238",47.8,33.3,27.9,"0.172","0.222","0.214",23.8
"Kiner-Falefa, Isiah",643396,"PIT","CH","Changeup",-1.1,-1,"114",6.7,"35","0.235","0.294","0.246",28.1,28.6,25.6,"0.256","0.314","0.262",16.7
"Carlson, Dylan",666185,"TB","CH","Changeup",1.8,3,"166",15,"35","0.294","0.353","0.323",32.9,22.9,15.1,"0.279","0.37","0.296",23.1
"Sosa, Lenyn",672820,"CWS","CH","Changeup",-1.5,-2,"120",8.7,"35","0.219","0.313","0.271",27.1,31.4,20.8,"0.215","0.273","0.255",42.9
"Wisely, Brett",689172,"SF","CH","Changeup",-1.8,-2,"119",12,"35","0.206","0.235","0.19",31.7,34.3,27.3,"0.184","0.261","0.206",39.1
"Merrifield, Whit",593160,"ATL","CH","Changeup",-0.9,-1,"124",9.3,"35","0.091","0.182","0.232",30.6,20,13.7,"0.172","0.249","0.215",19.2
"Hamilton, David",666152,"BOS","CH","Changeup",-2.3,-3,"132",11.1,"35","0.206","0.265","0.22",38.1,25.7,20,"0.18","0.227","0.192",24
"Stowers, Kyle",669065,"MIA","CH","Changeup",1.8,2,"101",12.3,"34","0.25","0.406","0.306",34.6,26.5,26.5,"0.274","0.463","0.337",56.5
"Nootbaar, Lars",663457,"STL","CH","Changeup",3.5,7,"195",11.8,"34","0.286","0.607","0.431",28.6,14.7,7.9,"0.293","0.563","0.425",30.4
"Moore, Dylan",664238,"SEA","CH","Changeup",2.1,4,"182",10.1,"34","0.333","0.5","0.357",28.2,20.6,11.1,"0.264","0.362","0.303",40
"Smith, Dominic",642086,"CIN","CH","Changeup",-2.2,-4,"159",13.1,"34","0.182","0.182","0.206",34.4,23.5,17.8,"0.21","0.261","0.222",16
"Benson, Will",666181,"CIN","CH","Changeup",0.5,1,"175",10.6,"34","0.161","0.387","0.269",54.3,52.9,30,"0.165","0.323","0.251",53.8
"Dubón, Mauricio",643289,"HOU","CH","Changeup",4.8,5,"107",7.4,"34","0.3","0.6","0.422",26.2,11.8,12.1,"0.263","0.395","0.32",25.9
"Gonzales, Nick",693304,"PIT","CH","Changeup",2.5,3,"111",8.1,"34","0.424","0.576","0.449",26.8,17.6,18.8,"0.326","0.43","0.335",35.7
"Andujar, Miguel",609280,"OAK","CH","Changeup",0.7,1,"125",10.6,"33","0.355","0.419","0.342",14.1,9.1,6.4,"0.283","0.328","0.276",27.6
"Espinal, Santiago",669289,"CIN","CH","Changeup",0.1,0,"110",7.3,"33","0.241","0.276","0.252",25,9.1,11.1,"0.249","0.312","0.266",3.6
"Hernández, Enrique",571771,"LAD","CH","Changeup",2.6,3,"112",7.4,"33","0.344","0.5","0.403",23.7,15.2,12.5,"0.268","0.459","0.322",48.1
"Stephenson, Tyler",663886,"CIN","CH","Changeup",0.2,0,"160",8.2,"33","0.172","0.241","0.242",30.5,24.2,18.2,"0.196","0.292","0.268",42.9
"Duran, Ezequiel",677649,"TEX","CH","Changeup",-2.1,-2,"86",8.5,"33","0.313","0.406","0.327",18.9,9.1,12.5,"0.241","0.339","0.266",31
"Taylor, Michael A.",572191,"PIT","CH","Changeup",-2.7,-3,"121",10.1,"33","0.219","0.281","0.233",48.5,33.3,26.8,"0.167","0.226","0.188",14.3
"Palacios, Richie",680700,"TB","CH","Changeup",1.5,2,"124",9.7,"33","0.333","0.5","0.391",23.3,9.1,11.1,"0.316","0.412","0.354",14.8
"Torkelson, Spencer",679529,"DET","CH","Changeup",-4.1,-5,"128",8,"33","0.094","0.125","0.114",41.8,42.4,23.3,"0.143","0.165","0.152",33.3
"Ibáñez, Andy",628451,"DET","CH","Changeup",1.4,2,"111",12.1,"33","0.387","0.419","0.38",40.6,24.2,21.6,"0.29","0.398","0.321",30.4
"Schuemann, Max",680474,"OAK","CH","Changeup",1.2,2,"137",7.5,"33","0.231","0.346","0.334",43.5,30.3,21.7,"0.181","0.248","0.284",17.6
"Rosario, Amed",642708,"CIN","CH","Changeup",1.4,1,"99",8.2,"33","0.333","0.545","0.376",33.8,18.2,17.6,"0.201","0.283","0.21",22.2
"Martinez, J.D.",502110,"NYM","CH","Changeup",3.1,4,"126",6.1,"32","0.357","0.571","0.414",33.9,12.5,10.5,"0.35","0.59","0.42",36
"Julien, Edouard",666397,"MIN","CH","Changeup",-2.2,-3,"135",10.9,"32","0.129","0.129","0.134",42,43.8,30.4,"0.142","0.211","0.17",11.8
"Fortes, Nick",663743,"MIA","CH","Changeup",-4.5,-4,"95",8.2,"32","0.063","0.063","0.084",26.8,18.8,20,"0.184","0.215","0.174",19.2
"Canzone, Dominic",686527,"SEA","CH","Changeup",-2.4,-3,"113",16.2,"32","0.143","0.286","0.273",31,21.9,19.4,"0.236","0.398","0.325",42.9
"Riley, Austin",663586,"ATL","CH","Changeup",2.8,3,"113",6.2,"32","0.357","0.821","0.544",31.6,21.9,21.2,"0.295","0.618","0.423",57.1
"Tatis Jr., Fernando",665487,"SD","CH","Changeup",-0.3,0,"139",9,"32","0.25","0.438","0.322",29.9,28.1,18.8,"0.335","0.629","0.408",69.6
"Marte, Starling",516782,"NYM","CH","Changeup",3.8,4,"110",7.8,"32","0.321","0.536","0.408",38.2,15.6,12.5,"0.381","0.583","0.451",43.5
"Laureano, Ramón",657656,"ATL","CH","Changeup",0.4,1,"119",10.1,"31","0.2","0.333","0.302",35.6,29,30,"0.212","0.384","0.267",47.6
"Calhoun, Willie",641432,"LAA","CH","Changeup",-2.2,-3,"113",11.8,"31","0.167","0.2","0.179",8.7,3.2,4,"0.218","0.287","0.235",27.6
"Sosa, Edmundo",624641,"PHI","CH","Changeup",-1.1,-1,"117",11.1,"31","0.207","0.276","0.3",36.5,25.8,19.5,"0.209","0.266","0.24",33.3
"Soderstrom, Tyler",691016,"OAK","CH","Changeup",-2,-2,"114",14.8,"31","0.107","0.214","0.197",33.3,25.8,22.9,"0.17","0.287","0.253",28.6
"Wood, James",695578,"WSH","CH","Changeup",2.6,4,"148",10.5,"31","0.379","0.517","0.41",29.8,22.6,16.7,"0.369","0.47","0.388",31.8
"Malloy, Justyn-Henry",669234,"DET","CH","Changeup",-0.6,-1,"103",10.4,"30","0.185","0.407","0.292",46,46.7,32.6,"0.154","0.298","0.242",53.8
"Jones, Nolan",666134,"COL","CH","Changeup",-2.5,-3,"100",7.7,"30","0.115","0.154","0.202",26.3,20,17.1,"0.165","0.281","0.239",28.6
"Robles, Victor",645302,"SEA","CH","Changeup",-3,-3,"93",9.1,"30","0.148","0.185","0.184",42.9,33.3,27.8,"0.144","0.243","0.204",22.2
"Sánchez, Gary",596142,"MIL","CH","Changeup",-0.6,-1,"124",10.7,"30","0.192","0.231","0.255",40,36.7,22.9,"0.217","0.293","0.284",26.7
"Duvall, Adam",594807,"ATL","CH","Changeup",-2.8,-2,"83",6.6,"30","0.143","0.179","0.208",20,16.7,15.2,"0.151","0.33","0.236",30.4
"Anderson, Tim",641313,"MIA","CH","Changeup",-4.5,-5,"105",11.1,"30","0.167","0.167","0.15",43.3,40,35.3,"0.13","0.169","0.131",22.2
"Gordon, Nick",624503,"MIA","CH","Changeup",-2,-2,"93",9.2,"30","0.233","0.333","0.247",22.8,6.7,7.7,"0.273","0.48","0.322",39.3
"Noel, Jhonkensy",678877,"CLE","CH","Changeup",-3.3,-3,"84",11.6,"30","0.115","0.154","0.202",45.5,30,31,"0.234","0.308","0.334",27.8
"Taylor, Tyrone",621438,"NYM","CH","Changeup",-2.4,-2,"90",6.8,"30","0.241","0.379","0.28",41.2,30,29,"0.244","0.289","0.249",35
"Jansen, Danny",643376,"BOS","CH","Changeup",-0.6,-1,"107",7.8,"30","0.192","0.231","0.285",35.2,30,22,"0.216","0.25","0.271",5.9
"Kiermaier, Kevin",595281,"LAD","CH","Changeup",-2.3,-2,"106",10.4,"30","0.214","0.286","0.218",35.9,16.7,13.5,"0.202","0.3","0.22",20
"Hampson, Garrett",641658,"KC","CH","Changeup",-0.9,-1,"90",10.2,"29","0.214","0.321","0.263",38.3,31,30,"0.153","0.231","0.167",20
"Fermin, Freddy",666023,"KC","CH","Changeup",0.9,1,"124",8.6,"29","0.259","0.296","0.309",25.8,17.2,10.4,"0.279","0.328","0.295",18.2
"Julks, Corey",667452,"CWS","CH","Changeup",-4.6,-5,"102",13.3,"29","0.103","0.103","0.093",47.5,41.4,30,"0.129","0.149","0.125",5.9
"Fitzgerald, Tyler",666149,"SF","CH","Changeup",-1.2,-2,"142",10.7,"29","0.222","0.37","0.306",46,37.9,21.2,"0.147","0.263","0.217",6.3
"Holliday, Jackson",702616,"BAL","CH","Changeup",2.4,3,"105",12.7,"29","0.2","0.28","0.307",31.3,27.6,22.2,"0.196","0.278","0.274",47.1
"Rogers, Jake",668670,"DET","CH","Changeup",-0.5,0,"106",8.4,"29","0.179","0.25","0.203",31.5,24.1,20,"0.248","0.359","0.277",38.1
"Slater, Austin",596103,"BAL","CH","Changeup",-1.3,-1,"109",12.4,"29","0.179","0.286","0.248",31.3,20.7,14.6,"0.249","0.35","0.275",18.2
"Yelich, Christian",592885,"MIL","CH","Changeup",0.1,0,"126",9.9,"29","0.286","0.321","0.284",30.4,20.7,14.3,"0.308","0.449","0.339",36.4
"Moreno, Gabriel",672515,"AZ","CH","Changeup",0.5,0,"101",6.6,"29","0.296","0.333","0.284",12,3.4,2.8,"0.29","0.37","0.306",37
"Adell, Jo",666176,"LAA","CH","Changeup",0,0,"125",6.8,"29","0.143","0.393","0.245",39.7,34.5,17.9,"0.196","0.502","0.307",38.9
"Guillorme, Luis",641645,"AZ","CH","Changeup",-2.7,-2,"72",9,"29","0.179","0.25","0.203",11.4,6.9,8.3,"0.24","0.313","0.257",26.9
"McNeil, Jeff",643446,"NYM","CH","Changeup",2.7,4,"141",8.2,"28","0.36","0.6","0.416",30.1,10.7,6.3,"0.276","0.334","0.296",13
"Manzardo, Kyle",700932,"CLE","CH","Changeup",0.7,1,"94",14.8,"28","0.296","0.481","0.346",32.1,25,21.2,"0.208","0.374","0.261",45
"Martínez, Angel",682657,"CLE","CH","Changeup",1.5,1,"98",14.5,"28","0.292","0.5","0.396",18.5,10.7,9.7,"0.252","0.304","0.303",31.8
"Meneses, Joey",608841,"WSH","CH","Changeup",-4.3,-4,"102",8.9,"28","0.071","0.071","0.096",33.3,32.1,26.5,"0.155","0.203","0.157",31.6
"Casas, Triston",671213,"BOS","CH","Changeup",0,0,"113",11.4,"28","0.231","0.423","0.339",30.8,17.9,15.6,"0.191","0.527","0.33",42.9
"Walls, Taylor",670764,"TB","CH","Changeup",-2.7,-3,"105",10.2,"28","0.115","0.154","0.159",28,25,20.6,"0.119","0.182","0.173",10.5
"Lee, Brooks",686797,"MIN","CH","Changeup",3,3,"98",16,"28","0.321","0.429","0.327",32.2,7.1,8,"0.288","0.36","0.282",7.7
"Ramírez, Harold",623912,"WSH","CH","Changeup",-1.9,-2,"93",10.6,"28","0.179","0.286","0.232",21.8,7.1,6.9,"0.265","0.352","0.267",30.8
"Refsnyder, Rob",608701,"BOS","CH","Changeup",2.4,3,"120",10,"27","0.261","0.522","0.385",46.2,25.9,18.9,"0.262","0.482","0.377",50
"Mateo, Jorge",622761,"BAL","CH","Changeup",-1.9,-2,"83",10.1,"27","0.185","0.407","0.246",44.2,44.4,36.4,"0.185","0.289","0.204",33.3
"McCormick, Chas",676801,"HOU","CH","Changeup",-1.8,-2,"96",9.5,"27","0.115","0.231","0.167",41.7,40.7,31.4,"0.191","0.343","0.245",33.3
"Lipscomb, Trey",702358,"WSH","CH","Changeup",-3,-2,"75",9.6,"27","0.259","0.259","0.233",20.5,11.1,13,"0.322","0.365","0.304",20.8
"Hays, Austin",669720,"PHI","CH","Changeup",1.9,2,"84",9.9,"27","0.28","0.48","0.352",54.7,40.7,39.3,"0.242","0.405","0.292",40
"Siri, Jose",642350,"TB","CH","Changeup",0.3,0,"126",7,"27","0.227","0.364","0.344",41,22.2,13,"0.271","0.393","0.36",29.4
"Higashioka, Kyle",543309,"SD","CH","Changeup",1.3,1,"99",9.3,"27","0.16","0.52","0.307",40,33.3,27.3,"0.189","0.508","0.319",25
"Goodman, Hunter",696100,"COL","CH","Changeup",5.3,4,"81",9.8,"27","0.308","0.769","0.454",37.7,18.5,22.7,"0.307","0.547","0.377",28.6
"Loperfido, Joey",694388,"TOR","CH","Changeup",0,0,"117",11.7,"26","0.2","0.36","0.256",37.3,46.2,44.4,"0.159","0.224","0.188",46.2
"DeLuca, Jonny",676356,"TB","CH","Changeup",1.1,1,"97",7.2,"26","0.16","0.36","0.235",28.6,11.5,7,"0.214","0.323","0.251",22.7
"Rojas, Miguel",500743,"LAD","CH","Changeup",-1.1,-1,"98",8.1,"26","0.217","0.217","0.227",40.7,26.9,20,"0.29","0.335","0.311",23.5
"Smith, Pavin",656976,"AZ","CH","Changeup",3.9,2,"63",10,"26","0.174","0.522","0.338",30.3,15.4,20,"0.257","0.51","0.377",40
"Rivera, Emmanuel",656896,"BAL","CH","Changeup",1.2,1,"101",8.8,"26","0.348","0.522","0.413",36.5,19.2,11.6,"0.232","0.388","0.316",44.4
"Stallings, Jacob",607732,"COL","CH","Changeup",3.4,3,"94",8.8,"26","0.25","0.5","0.346",41.9,30.8,25,"0.267","0.54","0.37",37.5
"Farmer, Kyle",571657,"MIN","CH","Changeup",6.4,5,"84",9.5,"26","0.348","0.609","0.44",23.9,15.4,11.8,"0.34","0.45","0.385",26.3
"Campusano, Luis",669134,"SD","CH","Changeup",-2,-2,"81",7.9,"26","0.08","0.08","0.131",20.9,15.4,18.2,"0.155","0.191","0.172",9.5
"Wade, Tyler",642180,"SD","CH","Changeup",-0.2,0,"74",12.6,"25","0.208","0.208","0.208",25.7,20,19.2,"0.319","0.357","0.316",10.5
"Kelly, Carson",608348,"TEX","CH","Changeup",1.6,1,"72",6.1,"25","0.227","0.364","0.308",38.2,28,28,"0.227","0.294","0.283",13.3
"Contreras, Willson",575929,"STL","CH","Changeup",2.2,3,"114",8.2,"25","0.316","0.421","0.412",47.2,28,19.4,"0.182","0.229","0.303",33.3
"Wallner, Matt",670242,"MIN","CH","Changeup",4.2,4,"84",8.2,"25","0.286","0.619","0.428",45.7,36,26.5,"0.227","0.514","0.372",66.7
"Bruján, Vidal",660644,"MIA","CH","Changeup",-1.5,-2,"113",10.7,"25","0.2","0.28","0.208",21.6,16,9.5,"0.198","0.224","0.187",9.5
"Fairchild, Stuart",656413,"CIN","CH","Changeup",-1.1,-1,"107",12.5,"25","0","0","0.112",60.4,44,31.4,"0.049","0.057","0.151",0
"Newman, Kevin",621028,"AZ","CH","Changeup",-3.3,-3,"91",8.5,"25","0.208","0.25","0.222",22.6,4,3.8,"0.204","0.245","0.216",8.7
"Cameron, Daz",663662,"OAK","CH","Changeup",-2,-2,"97",13.6,"25","0.217","0.348","0.252",58.8,52,40.6,"0.152","0.244","0.186",9.1
"Tucker, Kyle",663656,"HOU","CH","Changeup",3.7,4,"117",8.7,"25","0.4","0.6","0.486",32,24,18.8,"0.299","0.482","0.411",35.7
"Siani, Michael",672279,"STL","CH","Changeup",-1.8,-2,"87",6.7,"25","0.136","0.136","0.142",31.7,24,17.6,"0.177","0.239","0.214",22.2
"Jankowski, Travis",608671,"TEX","CH","Changeup",-2.9,-3,"107",13.1,"25","0.12","0.12","0.144",30.6,28,20,"0.167","0.201","0.159",0